"","X110783","X110781","X110780","X110788","X158326","X158329","X120764","X110827"
"1981-01-01",135.64,155.04,110.36,76.05,68.58,3.66,26.83,70.52
"1981-02-01",182.91,224.45,144.19,120.79,63.4,1.8,39.44,93.18
"1981-03-01",239.15,163.77,131.25,107.45,90.76,1.59,68.76,87.23
"1981-04-01",35.54,35.9,19.16,13.03,28.19,0.35,8.24,13.09
"1981-05-01",1.54,20.02,6.1,0.56,8.89,0,0,0.14
"1981-06-01",1.1,1.66,1.01,0.36,1.76,0,0,0.06
"1981-07-01",0.5,0.32,0.25,0,3.64,0,0,0
"1981-08-01",1.7,18.8,6.84,11.1,14.14,0.14,2.76,5.85
"1981-09-01",18.55,20.34,6.43,2.53,35,0,0,0.96
"1981-10-01",53.4,81.76,33.07,22.74,50.04,0.02,0.02,10.87
"1981-11-01",82.61,85.03,38.13,26.79,49.87,0.05,0.01,14.45
"1981-12-01",83.24,149.28,78.13,44.38,135.34,2.14,48.65,39.3
"1982-01-01",229.14,178.33,121.73,89.91,69.04,16.94,28.22,91.56
"1982-02-01",154.25,182.94,113.95,82.83,46.84,2.05,39.85,76.45
"1982-03-01",146.57,143.95,107.69,93.92,49.02,3.61,50.19,74.17
"1982-04-01",86.54,73.89,33.71,16.2,24.29,0,1.18,13.91
"1982-05-01",0.58,13.28,3.78,0.43,6.08,0,0,0.08
"1982-06-01",5.94,2.78,1.68,0.49,1.46,0,0,0.12
"1982-07-01",0.9,0.51,0.42,0,2.37,0,0,0
"1982-08-01",5.74,7.04,2.12,1.12,9.71,0,0.02,0.12
"1982-09-01",5.23,37.21,12.97,6.84,22.98,0.06,0,4.49
"1982-10-01",63.32,89.99,51.12,28.68,35.83,0.47,2.32,17.08
"1982-11-01",75.26,114.78,50.31,33.6,56.53,0.45,2.88,15.15
"1982-12-01",69.16,61.72,40.21,19.16,77.34,0.03,2.52,13.12
"1983-01-01",78.65,77.08,39.21,20.61,57.65,0.21,10.37,12.5
"1983-02-01",96.31,109.39,68.76,41.04,35.14,0.02,14.59,31.49
"1983-03-01",85.58,186.84,128.19,90.44,34.84,1.04,5.74,70.75
"1983-04-01",40.28,50.73,21.58,8.05,30.35,0.01,1.97,6.95
"1983-05-01",11.93,12.13,5.88,1.09,11.96,0.1,0.12,0.7
"1983-06-01",5.62,3.05,1.86,0.64,2.35,0,0,0.21
"1983-07-01",0.72,0.39,0.3,0,1.59,0,0,0
"1983-08-01",2.24,6.71,1.68,0.91,6.42,0,0,0
"1983-09-01",12.64,25.59,7.74,3.79,22.76,0.1,0,2.28
"1983-10-01",5.32,24.55,7.26,3.21,23.85,0,0,1.2
"1983-11-01",22.95,30.6,10.67,5.69,35.26,0,0,1.79
"1983-12-01",50.06,136.13,81.04,50.11,83.32,0.65,37.84,39.62
"1984-01-01",156.87,214.22,124.79,66.28,78.63,4.63,62.16,56.08
"1984-02-01",329.37,192.19,119.55,32.71,77.43,3.85,103.69,22.72
"1984-03-01",204.11,245.88,185.79,135.11,83.23,2.74,101.74,92.07
"1984-04-01",95.09,56.76,28.56,13.86,54.83,0.17,11.88,12.17
"1984-05-01",64.63,35.7,14.58,1.31,27.32,0.07,0,0.84
"1984-06-01",23.32,3.39,2.55,0.73,5.15,0.01,0.04,0.3
"1984-07-01",0.58,0.43,0.88,0.25,7.14,0.02,0,0.13
"1984-08-01",5.41,6.62,2.04,1.1,11.18,0.07,0.11,0.13
"1984-09-01",10.65,9.68,4.69,2.69,30.97,0.08,0.04,1.59
"1984-10-01",65.67,76.11,32.34,12.19,41,0.69,0.63,6.41
"1984-11-01",69.69,95.04,38.78,20.8,50.34,0.13,2.65,9.18
"1984-12-01",104.03,106.29,63.38,37.19,69.69,0.75,24.18,28.86
"1985-01-01",127.34,162.56,94.02,55.92,94.38,0.47,14.24,42.56
"1985-02-01",118.37,150.17,99.25,65.97,44.89,1.07,34.87,53.01
"1985-03-01",142.15,140.79,117.16,92.42,53.68,0.65,39.05,69.15
"1985-04-01",55.04,99.96,48.19,14.57,29.99,1.2,3.06,9.79
"1985-05-01",23.97,15.18,7.24,0.77,18.11,0.03,0,0.54
"1985-06-01",10.84,3.2,2.19,0.72,2.38,0.02,0.01,0.28
"1985-07-01",2.96,1.06,0.76,0.05,3.12,0,0,0
"1985-08-01",1.13,14.14,2.97,1.13,14.38,0,0,0.14
"1985-09-01",22.87,26.35,8.97,1.95,38.38,0.08,0,0.87
"1985-10-01",38.6,44.02,19.12,19.21,20.89,0,0,13.76
"1985-11-01",45.11,48.76,19.68,10.53,32.09,0,0,5.15
"1985-12-01",67.07,108.73,67.64,41.31,85.16,11.49,38.95,34.02
"1986-01-01",205.89,223.77,161.04,123.85,109.52,3.33,53.58,113.97
"1986-02-01",120.85,161.81,107.6,75.41,50.28,1.39,39.34,67.2
"1986-03-01",134.84,157.77,113.23,88.48,59.88,1.14,57.45,68.88
"1986-04-01",124.79,97.98,50.53,27.07,33.35,0.09,11.9,30.47
"1986-05-01",32.94,14.03,6.82,0.77,15.91,0.25,4.14,0.62
"1986-06-01",0.27,0.18,0.37,0.06,0.88,0,0,0
"1986-07-01",2.39,0.62,0.68,0.11,3.3,0,0,0.04
"1986-08-01",4.14,15.34,4.5,2.49,23.13,0.63,2.45,0.8
"1986-09-01",19.51,26.95,8.66,3.17,26.74,0.06,0,1.72
"1986-10-01",19.25,30.45,8.6,1.93,16.7,0,0,0.55
"1986-11-01",26.65,36.54,15.59,9.71,33.29,0.3,0.33,4.61
"1986-12-01",105.86,101.17,70.23,47.43,90.02,1.52,25.41,46.34
"1987-01-01",236.84,256.55,172.34,120.92,92.7,0.99,38.78,120.18
"1987-02-01",127.97,157.93,95.37,65.74,55.09,1.25,30.97,54.3
"1987-03-01",81.14,83.89,66.89,55.54,41.38,4.34,31.04,44.45
"1987-04-01",20.25,22.31,11.55,5.87,21.82,0,1.99,5.31
"1987-05-01",6.76,10.85,6.02,1.06,14.8,0,0,0.5
"1987-06-01",8.84,8.43,3.5,1.13,1.99,0,0,0.4
"1987-07-01",3.68,5.08,2.3,0.81,5.95,0.04,0.09,0.41
"1987-08-01",5.45,7.09,2.13,1.15,8.62,0.04,0.14,0.13
"1987-09-01",17.02,9.81,5.37,3.17,15.53,0.09,0,1.87
"1987-10-01",53.99,28.04,13.89,6.68,18.93,0.04,0.17,3.11
"1987-11-01",59.74,49.28,15.96,6.51,24.15,0,0,1.66
"1987-12-01",82.58,83.58,36.85,21.63,73.04,0,1.34,12.31
"1988-01-01",167.83,175.66,104.29,66.54,98.14,4.99,48.11,54.98
"1988-02-01",126.61,115.02,66.5,50.85,54.04,3.56,41.41,42.8
"1988-03-01",80.42,90.77,76.2,60.65,30.19,0.54,31.21,47.98
"1988-04-01",99.31,114.02,29.26,5.5,25.95,0.01,22.25,3.17
"1988-05-01",20.44,15.43,8.03,2.24,17.87,0.12,0.19,1.75
"1988-06-01",4.48,4.89,2.26,0.81,2.2,0,0,0.28
"1988-07-01",0.59,0.35,0.23,0,1.95,0,0,0
"1988-08-01",1.2,7.4,1.59,0.92,8.35,0,0,0.04
"1988-09-01",22.68,22.18,9.84,6.12,23.33,0.07,0,3.46
"1988-10-01",46.36,51.49,20.21,6.43,25.48,0,0.02,3.31
"1988-11-01",25.87,29.27,9.89,5.19,24.99,0,0,1.62
"1988-12-01",140.88,141.85,61.64,36.75,81.05,0.09,1.31,27.25
"1989-01-01",192.66,201.82,158.97,114.57,83.41,6.65,59.35,110.41
"1989-02-01",184.21,213.83,162.75,121.97,57.38,5.14,83.1,102.07
"1989-03-01",182.6,226.73,210.17,223.41,77.27,6.26,123.92,184.38
"1989-04-01",79.75,58.12,42.8,22.68,39.47,0.08,10.32,21.39
"1989-05-01",18.03,14.4,6.6,0.71,13.05,0.2,0,0.55
"1989-06-01",10.25,13.05,2.95,0.89,3.52,0.03,0.13,0.4
"1989-07-01",5.44,5.72,2.21,0.49,4.02,0.03,0,0.09
"1989-08-01",3.44,20.31,3.95,2.03,15.09,0,0.1,0.23
"1989-09-01",33.91,22.33,10.97,7.29,26.98,0.21,0.26,4.59
"1989-10-01",31.75,87.96,43.73,30.85,34,0.03,2.51,20.62
"1989-11-01",45.95,37.35,17.12,11.81,27.95,0,0,5.63
"1989-12-01",51.28,42.29,23.56,20.84,48.16,0,0.49,12.27
"1990-01-01",114.14,137.17,86.69,58.68,51.34,0.02,21.17,53.76
"1990-02-01",33.22,48.87,23.95,17.19,34.35,0,5.28,12
"1990-03-01",69.74,106.29,91.97,73.23,31.37,0,62.77,58.56
"1990-04-01",46.9,54.33,26.54,16.12,18.35,0,2.95,15
"1990-05-01",10.59,19.16,7.72,1.39,19.45,0.03,0.05,1.15
"1990-06-01",5.64,13.67,4.61,1.71,23.56,0.13,0.28,0.53
"1990-07-01",6.22,3.74,1.99,0.54,15.74,0,0,0.2
"1990-08-01",13.86,15.1,4,1.82,13.58,0.1,0,0.19
"1990-09-01",29.87,33.74,16.42,12.25,43.86,0.09,0,8.21
"1990-10-01",34.74,114.92,51.4,31.95,42.85,0.01,0,18.9
"1990-11-01",69.59,99.59,47.61,31.42,71.76,0.56,1.34,15.95
"1990-12-01",83.99,77.97,57.51,39.81,77.94,0.9,14.4,34.22
"1991-01-01",67.69,108.65,69.47,45.36,55.39,0.04,16.61,41.63
"1991-02-01",38.46,163.47,82.47,50.62,35.21,0.65,39.63,41.37
"1991-03-01",127.28,159.48,114.74,104.65,58.25,1.95,71.8,84.69
"1991-04-01",75.59,111.53,45.29,19.11,24.03,0,1.22,19.96
"1991-05-01",5.97,7.77,5.79,0.8,17.18,0,0,0.59
"1991-06-01",2.75,12.26,3.59,1.38,1.33,0.05,0,0.34
"1991-07-01",0.71,6.29,1.93,0.52,4.74,0,0,0.06
"1991-08-01",15.69,8.4,2.63,1.08,1.56,0,0,0.07
"1991-09-01",24.04,11.21,5.64,2.91,21.04,0,0,1.57
"1991-10-01",74.47,71.64,36.48,20.56,23.72,0.53,0.65,10.64
"1991-11-01",33.58,54.72,23.73,9.53,43.29,0.04,0,3.22
"1991-12-01",32.33,34.15,18.36,10.75,34.89,0,2.95,7.06
"1992-01-01",78.71,102.26,38.94,5.85,38.41,0,0.81,2.4
"1992-02-01",40.41,72.89,37.08,24.25,33.88,0.1,12.75,16.97
"1992-03-01",58.82,59.36,40.2,23.74,38.15,0,13.45,16.27
"1992-04-01",23.64,31.08,10.88,2.86,18.9,0,1.09,2.04
"1992-05-01",9.61,5.65,3.04,0.31,2.58,0,0,0.17
"1992-06-01",8.65,8.08,3.35,1.07,9.11,0,0.03,0.3
"1992-07-01",7.55,5.47,2.53,0.63,14.22,0,0,0.19
"1992-08-01",4.79,10.96,2.61,1.4,32.79,0.02,0.02,0.11
"1992-09-01",0.47,7.21,2.5,1,13.88,0.1,0,0.22
"1992-10-01",28.04,52.62,24.07,15.49,34.13,0.28,0.44,7.84
"1992-11-01",13.94,38.96,11.9,4.99,28.82,0,0,2.24
"1992-12-01",37.78,36.27,22.19,14.78,38.01,0,5.06,11.91
"1993-01-01",140.85,142.44,91.81,60.04,73.79,0.06,23.08,61.57
"1993-02-01",129.12,146.38,93.32,62.81,46.95,0.38,26.9,52.82
"1993-03-01",113.56,186.15,163.41,126.76,57.95,4.38,95.14,99.18
"1993-04-01",115.59,156.43,64.21,23.55,41.87,0.45,25.42,21.11
"1993-05-01",26.46,20,11.34,2.5,11.91,0.07,0,2.45
"1993-06-01",8.39,2.1,1.53,0.39,1.58,0.06,0,0.08
"1993-07-01",23.9,13.26,4.65,0.9,8.4,0.23,0,0.16
"1993-08-01",19.41,13.81,3.94,1.78,14.8,0.4,0.13,0.26
"1993-09-01",50.29,17.38,9.24,4.22,32.79,0.1,0.03,2.57
"1993-10-01",116.05,107.51,55.84,33.01,39.12,0.76,1.25,18.66
"1993-11-01",89.82,99.36,47.29,29.44,53.93,0.57,1.2,13.8
"1993-12-01",301.31,126.45,71.69,27.61,98.39,0.74,20.88,20.48
"1994-01-01",319.77,231.66,156.43,102.99,113,8,66.52,93.27
"1994-02-01",342.55,200.71,137.26,96.19,59.02,0.78,58.09,91.08
"1994-03-01",303.45,186.13,122.49,63.33,45.15,0.06,52.39,38.35
"1994-04-01",454.89,150.51,73.04,25.1,42.5,2.49,0.54,23.81
"1994-05-01",45.84,35.07,22.38,9.01,12.24,0.89,0,10.16
"1994-06-01",13.17,6.74,4.02,2.05,1.41,0.95,0,1.27
"1994-07-01",11.97,5.81,2.76,0.6,0.92,0.09,0,0.13
"1994-08-01",31.56,13.42,4.17,1.69,6.29,0.3,0,0.24
"1994-09-01",95.77,40.71,8.53,1.53,16.42,0.4,0,0.37
"1994-10-01",96.76,36.72,13.92,4.93,28.73,0,0.05,1.82
"1994-11-01",48.91,53.37,26.84,17.44,40.01,0,0,8.39
"1994-12-01",184.83,90.61,62.47,30.95,87.38,0.11,14.32,25.26
"1995-01-01",197.1,138.37,97.72,59.04,67.47,0.59,23.92,52
"1995-02-01",115.41,105.8,51.05,31.57,61.06,1.12,22.12,19.19
"1995-03-01",327.93,196.58,140.74,93.47,66.06,7.75,92.52,56.97
"1995-04-01",40.52,38.6,25.45,14.03,20.35,0,4.97,12.45
"1995-05-01",20.41,10.9,6.72,1.06,9.63,0,0,0.95
"1995-06-01",0.7,2.04,0.93,0.27,1.95,0,0,0.01
"1995-07-01",14.98,5.33,2.9,0.72,7.72,0,0,0.3
"1995-08-01",1.44,3.01,0.77,0.45,5.34,0,0,0
"1995-09-01",42.44,32.36,13.67,7.74,19.83,0.04,0,5.15
"1995-10-01",46.19,48.23,20.01,8.4,24.85,0.1,0.95,5.1
"1995-11-01",54.29,96.76,52.98,42.17,51.88,5.47,3.19,24.78
"1995-12-01",86.08,128.4,78.2,53.82,87.29,0,16.42,56.58
"1996-01-01",151.54,168.79,116.56,93.93,77.42,4.66,43.88,89.49
"1996-02-01",83,164.23,120.8,103.37,45.65,4.15,39.19,91.92
"1996-03-01",61.6,106.18,88.06,64.69,48.2,0.72,31.6,50.81
"1996-04-01",58.91,79.08,37.81,17.54,31.49,0,1.48,17.85
"1996-05-01",7.19,12.82,6.19,0.7,10.73,0.01,0,0.45
"1996-06-01",0.78,1.51,0.88,0.26,1.41,0,0,0.03
"1996-07-01",0.51,2.51,0.98,0.26,1.82,0,0,0.02
"1996-08-01",26.04,17.48,4.6,1.77,8.07,0.01,0,0.19
"1996-09-01",18.76,16.9,6.17,2.59,26.99,0.07,0,1.2
"1996-10-01",46.28,38.8,18.13,8.45,25.5,0,0,4.68
"1996-11-01",60.56,34.75,13.06,6.32,38.52,0,0,1.83
"1996-12-01",71.58,101.61,53.12,34.08,58.87,0.07,9.84,28.8
"1997-01-01",140.37,143.81,80.22,46.83,69.31,6.23,34.03,47.32
"1997-02-01",171.83,179.23,120.94,76.21,65.35,2.04,21.47,65.12
"1997-03-01",30.7,52.36,30.83,22.64,44.69,0,24.29,15
"1997-04-01",23.17,21.5,8.27,2.58,39.98,0,0.65,2.06
"1997-05-01",6.12,9.02,5.77,1.54,8.71,0.02,0,1.14
"1997-06-01",5.04,2.86,1.67,0.47,1.15,0,0,0.13
"1997-07-01",5.49,1.21,0.96,0.11,7.04,0,0,0.05
"1997-08-01",22.29,20.05,6.44,3.59,26.3,0.49,0.86,1.23
"1997-09-01",43.47,27.15,12.1,6.49,42.72,0.23,1,3.51
"1997-10-01",44.91,58.8,22.36,14.47,25.21,0.02,0,7.5
"1997-11-01",103.13,105.5,49.13,33.29,51.17,0,1.58,17.14
"1997-12-01",177.46,189.7,152.55,97.46,99.23,4.64,32.24,96.81
"1998-01-01",211.28,248.28,184.43,135.66,95.3,15.03,129.09,148.42
"1998-02-01",167.34,178.69,128.26,74.07,65.54,2,111.47,61.96
"1998-03-01",121.64,177.64,156.23,126.14,33.35,7,165.52,101.5
"1998-04-01",53.54,64.57,37.62,21.47,28.69,1.67,8.81,23.69
"1998-05-01",0.54,1.12,0.77,0,2.2,0,0,0.01
"1998-06-01",7.81,7.73,3.26,0.99,2.67,0,0,0.23
"1998-07-01",0.53,1.46,0.66,0.07,0.56,0,0,0
"1998-08-01",3.47,6.48,1.68,0.95,11.45,0,0,0.01
"1998-09-01",16.58,11.29,4.23,1.59,11.82,0.01,0,0.47
"1998-10-01",43.82,45.37,12.48,4.59,51.16,0,0,1.54
"1998-11-01",81.92,84.37,31.95,19.32,60.78,0.02,0.21,6.66
"1998-12-01",104.88,96.64,61.01,35.39,62.4,2.94,19.8,28.11
"1999-01-01",82.44,126.25,110.1,83.7,77.63,4.3,27.93,81.87
"1999-02-01",196.23,243.21,206.2,161.56,92.78,23.93,136.55,142.19
"1999-03-01",124.15,156.1,111.15,80.85,41.83,1.7,83.73,60.67
"1999-04-01",114.51,128.79,68.05,33.54,46.57,0.14,18.08,34.58
"1999-05-01",22.2,51.34,36.9,15.58,8.03,1.46,0,18.27
"1999-06-01",1.88,2.44,1.35,0.49,3.27,0,0,0.1
"1999-07-01",4.14,4.85,2.12,0.6,12.68,0,0,0.21
"1999-08-01",1.31,4.18,0.98,0.58,1.31,0,0,0
"1999-09-01",40.07,19.73,8.72,5.41,41.16,0.27,0.74,3.21
"1999-10-01",72.18,80.87,44.34,28.61,31.87,1.44,3.28,18.57
"1999-11-01",52.41,53.78,19.31,12.58,40.74,0,0,5.18
"1999-12-01",137.42,161.92,100.55,63.02,101.49,6.73,30.65,56.75
"2000-01-01",211.05,191.63,137.1,97.9,78.35,6.49,37.89,92.31
"2000-02-01",153.3,203.46,130.75,116.76,65.26,5.41,86.13,105.64
"2000-03-01",168.38,199.9,146.25,115.22,65.1,4.32,79.95,84.81
"2000-04-01",56.35,56.58,27.71,9.93,40.81,0,10.66,10.91
"2000-05-01",13.42,19.63,11.33,3.61,19.43,0.3,0.33,3.38
"2000-06-01",1.03,1.95,0.66,0.21,2.36,0,0,0
"2000-07-01",10.23,9.81,3.95,1.19,11.29,0.01,0,0.4
"2000-08-01",17.76,20.26,4.78,1.85,21.15,0.04,0,0.13
"2000-09-01",34.42,14.71,5.77,2.28,21.54,0,0,0.9
"2000-10-01",69.6,98.41,43.34,23.45,42.78,0.1,0.51,14.52
"2000-11-01",58.53,55.91,21.63,11.09,17.7,0.02,0,5.06
"2000-12-01",131.1,163.29,107.41,67.72,77.22,1.13,28.27,57.79
"2001-01-01",162.21,200.6,145.75,101.8,107.25,3.75,61.76,102.01
"2001-02-01",121.87,136.44,104.71,74.82,68.02,6.17,46.46,64.74
"2001-03-01",211.96,222.38,156.34,84.22,66.64,13.41,118.99,77.42
"2001-04-01",47.92,43.45,33.37,16.87,40.86,0.18,11.56,20.87
"2001-05-01",15.76,17.78,9.37,2.1,17.95,0.1,0.03,1.87
"2001-06-01",6.66,3.54,1.53,0.37,1.23,0,0,0
"2001-07-01",10.46,10.22,4.06,1.18,43.96,0.02,0,0.41
"2001-08-01",8.24,8.91,2.6,1.19,11.26,0,0,0.04
"2001-09-01",41.5,22.92,12.06,6.76,33.55,0.12,0.17,4.11
"2001-10-01",79.15,66.89,30.77,16.24,39.55,0.04,0.14,8.8
"2001-11-01",104.42,115.41,56.54,36.04,47.56,0.27,2.68,19.36
"2001-12-01",41.18,40.32,18.04,12.09,97.45,0,0.3,6.51
"2002-01-01",83.42,81.25,56.51,36.69,61.57,0.69,16.91,37.1
"2002-02-01",145.22,202.06,118.6,85.66,83.12,7.28,45.13,68.86
"2002-03-01",141.54,219.23,151.95,106.92,62.88,2.83,92,77.64
"2002-04-01",80.84,69.1,38.94,22.43,45.53,0.6,51.61,33.35
"2002-05-01",15.32,23.08,12.84,4.28,10.61,0.11,0,4.22
"2002-06-01",9.95,4.7,1.87,0.52,1.82,0.01,0,0.11
"2002-07-01",19.46,17.52,5.87,1.5,57.28,0,0,0.37
"2002-08-01",12.32,12.11,3.34,1.47,11.1,0.01,0.03,0.15
"2002-09-01",50.82,27.55,11.21,3.78,46.36,0.05,0,2.35
"2002-10-01",93.07,88.97,44.61,24.36,47.94,0.48,0.69,15.05
"2002-11-01",56.45,138.02,56.47,40.46,62.26,2.62,5.35,22.29
"2002-12-01",99.16,116.22,68.86,45.72,96.18,0.05,7.63,36.88
"2003-01-01",154.54,164.28,94.35,49.4,57.78,3.67,27.72,48.27
"2003-02-01",157.01,182.83,117.51,83.59,47.17,5.47,39.97,73.94
"2003-03-01",385.95,187.59,143.3,82.91,81.51,0.06,45.04,60.39
"2003-04-01",53.15,66.98,23.94,9.21,51.09,0,1.49,7.85
"2003-05-01",7.93,14.45,5.56,0.95,18.8,0.01,0,0.55
"2003-06-01",0.54,0.23,0.01,0,0,0,0,0
"2003-07-01",0.47,6.38,1.91,0.55,1.92,0,0,0.04
"2003-08-01",10.18,10.54,2.9,1.31,26.27,0,0,0.08
"2003-09-01",23.79,18.77,6.03,2.29,33.02,0,0,0.77
"2003-10-01",51.76,49.15,18.97,9.69,15.53,0.03,0.12,5.79
"2003-11-01",33.32,53.87,17.18,11.1,40.78,0,0,4.49
"2003-12-01",143.83,164.16,124.01,90.65,92.61,2.32,39,87.79
"2004-01-01",45.01,44.39,33.06,23.17,49.23,0,4.59,21.65
"2004-02-01",193.89,171.54,110.56,70.78,66.58,0,38.77,57.89
"2004-03-01",73.38,137.36,96.99,71.37,45.35,5.65,37.11,57.71
"2004-04-01",42.25,65.27,38.52,21.3,28.75,0.05,8.21,27.76
"2004-05-01",14.17,6.72,3.68,0.37,15.31,0,0,0.17
"2004-06-01",13.25,8.42,4.11,2.3,15.69,0.04,0,1.24
"2004-07-01",2.85,4.16,1.8,0.54,24.11,0.04,0.01,0.16
"2004-08-01",16.06,12.53,3.54,1.48,16.73,0.02,0.03,0.14
"2004-09-01",65.93,42.77,17.59,9.33,35.83,0.1,0,6.01
"2004-10-01",71.85,81.3,30.66,14.16,34,0,0,6.77
"2004-11-01",66.72,75.17,34.95,22.51,62.46,0,0,11.28
"2004-12-01",145.55,163.38,114.4,85.23,117.43,0.84,20.39,73.26
"2005-01-01",59.74,85.15,57.92,41.25,49.06,4.65,32.93,42.68
"2005-02-01",106.11,118.82,47.59,18.99,52.08,0.46,29.16,14.23
"2005-03-01",127.25,138.92,103.07,71.78,41.58,1.03,52.59,57.51
"2005-04-01",69.71,75.85,38.88,17.37,27.27,0.01,5.66,17.98
"2005-05-01",5.96,5.23,2.65,0.26,9.12,0,0,0.11
"2005-06-01",0.39,0.2,0,0,0.18,0,0,0
"2005-07-01",0.21,0.19,0.13,0,4.88,0,0,0
"2005-08-01",9.87,10.65,2.87,1.23,6.25,0,0,0.07
"2005-09-01",30.63,15.95,5.1,1.65,25.77,0,0,0.5
"2005-10-01",31.17,26.85,6.98,2.09,65.92,0,0,0.49
"2005-11-01",16.18,22.91,5.21,2.04,39.46,0,0,0.11
"2005-12-01",156.78,146.93,117.1,88.26,113.12,0.92,27.84,81.23
"2006-01-01",141.82,213.88,136.9,103.08,103.59,5.11,64.75,96.41
"2006-02-01",144.1,127.91,101.51,79.11,59.24,6.7,69.08,72.76
"2006-03-01",172.9,243.05,185.98,150.37,58.03,4.68,110.98,127.18
"2006-04-01",98.7,100.45,63.58,33.92,33.82,0.45,16.15,38.1
"2006-05-01",3.04,3.57,2.44,0.11,5.79,0.01,0,0.04
"2006-06-01",12.07,3.84,1.95,0.57,6.06,0.01,0,0.16
"2006-07-01",1.7,0.98,0.61,0,1.94,0,0,0
"2006-08-01",23.61,24.41,5.76,2.21,19.32,0.01,0.01,0.31
"2006-09-01",36.64,28.66,9.42,2.42,21.64,0.02,0,0.94
"2006-10-01",65.26,73.7,20.48,7.43,41.45,0.01,0,3.3
"2006-11-01",104.14,119.1,54.75,35.99,58.86,0.84,0.09,18.9
"2006-12-01",110.91,132.93,98.31,68.24,120.36,3.75,31.38,65.47
"2007-01-01",148.62,196.35,120.54,78.75,70.17,0.75,18.65,70.09
"2007-02-01",99.89,119.63,76.35,54.21,33.6,0.66,19.54,45.43
"2007-03-01",193.81,215.4,168.69,120.61,74.72,1.94,88.35,90.05
"2007-04-01",112.62,102.42,62.38,34.63,36.31,2.06,17.07,40.52
"2007-05-01",21.21,21.65,8.88,1.94,16.62,0.47,0,1.79
"2007-06-01",6.1,3.42,1.53,0.36,0,0,0,0.07
"2007-07-01",2.4,0.4,0.44,0,19.15,0,0,0
"2007-08-01",2.08,0.72,0.24,0.12,3.68,0,0,0
"2007-09-01",17.02,14.01,4.64,1.88,23.97,0,0,0.67
"2007-10-01",85.8,83.84,45.64,25.7,31.29,1.56,0.29,17.44
"2007-11-01",69.64,51.2,28.23,12.1,42.56,0,0,5.31
"2007-12-01",98.28,101.76,65.64,41.94,68.05,2.24,14.96,36.12
"2008-01-01",203.44,201.09,161.31,123.84,110.48,4.66,68.84,124.08
"2008-02-01",152.45,236.95,153.27,123.98,69.16,10.04,104.78,108.59
"2008-03-01",72.54,62.62,62.42,55,42.48,5.92,89.94,55.13
"2008-04-01",72.4,45.98,25.85,10.3,12.25,0.7,8.51,10.69
"2008-05-01",5.23,8.18,3.25,0.39,8.25,0,0,0.08
"2008-06-01",1.35,2.64,1.11,0.41,5.03,0.01,0,0.04
"2008-07-01",2.06,0.51,0.49,0,2.18,0,0,0
"2008-08-01",9.52,11.38,2.87,1.32,5.44,0.01,0,0.12
"2008-09-01",20.32,22.65,5.9,1.96,31.84,0,0,0.54
"2008-10-01",55.81,57.39,23.47,12.7,41.75,0,0.01,6.83
"2008-11-01",54.59,63.89,49.52,71.49,32,0,0,49.32
"2008-12-01",134.67,114.35,65.74,43.54,74.89,1.46,4.24,34.37
"2009-01-01",152.01,162.89,120.71,85.55,85.08,4.16,54.86,86
"2009-02-01",179.31,237.25,159.09,119.16,55.5,20.24,74.69,109.19
"2009-03-01",163.56,110.54,91.91,63.1,62.86,5.39,96.14,50.07
"2009-04-01",116.56,103.05,56.18,28.51,51.1,0.17,8.12,29.2
"2009-05-01",16.07,7.04,5.34,0.64,11.5,0.01,1.08,0.52
"2009-06-01",6.49,0.42,0.42,0,0.54,0,0,0
"2009-07-01",6.36,2.56,1.65,0.43,16.87,0.02,0,0.17
"2009-08-01",11.3,25.33,5.08,2.07,20.65,0.01,0,0.25
"2009-09-01",14.35,13.59,4.42,1.79,22.37,0,0,0.69
"2009-10-01",112.15,95.2,48.84,33.49,24.03,0.18,0.39,23.37
"2009-11-01",141.43,165.18,78.03,52,73.71,2.29,3,24.84
"2009-12-01",213.66,189.4,105.09,54.74,130.41,0.12,13.16,41.82
"2010-01-01",156.97,242.16,123.34,72.84,117.73,2.43,2.35,57.74
"2010-02-01",141,138.61,101.73,84.66,54.32,3.21,30.35,71.75
"2010-03-01",106.35,169.1,114,72.43,56.94,0.08,53.73,54.31
"2010-04-01",45.1,77.38,27.78,5.77,37.64,0.04,0.34,4.79
"2010-05-01",7.26,4.8,3.01,0.41,4.39,0,0,0.36
"2010-06-01",0.2,0.15,0.33,0.07,4.74,0,0,0
"2010-07-01",0.54,0.17,0.14,0,7.41,0,0,0
"2010-08-01",0.33,0.4,0,0.11,11.76,0,0,0
"2010-09-01",23.65,14.84,5.57,2.26,12.03,0,0,0.91
"2010-10-01",34.6,47.13,16.13,8.73,37.91,0,0,3.65
"2010-11-01",60.9,51.6,24.35,15.45,37.14,0.01,0.38,7.81
"2010-12-01",152.43,140.31,116.92,92.35,132.63,4.07,35.48,90.84
"2011-01-01",195.53,227.11,170.32,127.95,133.3,3.91,60.43,122.79
"2011-02-01",166.16,229.49,174.23,188.17,115.6,3.33,66.76,150.58
"2011-03-01",196.56,146.99,139.78,115.97,88.09,0.69,46.42,94.27
"2011-04-01",119.81,95.68,64.51,36.4,60.4,1.49,18.04,41.65
"2011-05-01",14.11,16.03,5.74,0.88,18.3,0,0,0.44
"2011-06-01",0.68,0.57,0.15,0,0.5,0,0,0
"2011-07-01",0.81,1.92,1.22,0.75,17.74,0.07,0,0.55
"2011-08-01",13.39,9.57,2.92,1.23,6.83,0.01,0,0.11
"2011-09-01",46.96,38.89,9.23,2.72,57.04,0,0,0.69
"2011-10-01",55.35,64.91,15.75,6,43.18,0,0,1.73
"2011-11-01",88.61,83.04,41.21,26.61,49.3,0.46,0.84,13.82
"2011-12-01",144.26,116.89,87.26,58.7,126.78,0.96,16.88,51.28
"2012-01-01",110.54,114.11,67.17,36.78,78.89,1.12,11.89,29.03
"2012-02-01",146.94,304.68,193.61,177.01,104.45,15.04,114.37,146.85
"2012-03-01",164.8,197.88,183.58,157.01,46.45,4.46,117.2,137.67
"2012-04-01",136.93,108.15,81.67,54.04,113.09,0.63,26.12,72.11
"2012-05-01",6.29,1.73,1.86,0.07,18.27,0,0,0.15
"2012-06-01",3.67,1.14,0.64,0.17,13.19,0.02,0,0
"2012-07-01",3.69,4.23,1.96,0.56,5.43,0,0,0.19
"2012-08-01",0.42,0.54,0.04,0.17,3.45,0,0,0
"2012-09-01",68.82,54.62,27.63,15,31.08,0.06,0,10.34
"2012-10-01",79.99,91.89,52.64,30.51,34.94,1.73,4.22,22.34
"2012-11-01",73.96,70.13,32.75,18.68,45.61,0.17,0.43,8.78
"2012-12-01",116.62,107.44,77.02,52.74,155.55,0.34,11.33,43.33
"2013-01-01",124.21,154.34,104.65,75.16,98.47,1.56,16.6,64.37
"2013-02-01",149.48,140.48,116.73,94.54,69.19,3.43,91.16,94.95
"2013-03-01",126.05,79.09,113.72,124,53.67,3.4,88.47,121.03
"2013-04-01",61.51,37.81,24.28,15.14,21.76,0,1.68,12.9
"2013-05-01",24.38,13.66,10.88,3.39,27.14,0.03,0.03,2.95
"2013-06-01",7.6,1.31,1.52,0.39,6.55,0.04,0,0.03
"2013-07-01",7.1,10.42,3.65,0.87,10.59,0,0,0.22
"2013-08-01",28.69,38.75,8.68,4.03,12.39,0.03,0,0.79
"2013-09-01",10.13,13.73,3.91,1.44,28.91,0,0,0.32
"2013-10-01",44.58,53.64,19.82,9.04,36.64,0.89,0.17,3.88
"2013-11-01",58.36,56.18,31.5,21.51,34.62,0,0,12.85
"2013-12-01",91.54,81.82,58.37,34.68,118.58,1.14,16.38,29.91
"2014-01-01",154.68,149.17,117.36,87.82,95,2.88,39.37,83.69
"2014-02-01",91.07,108.24,70.04,48.39,66,16.94,34.23,46.89
"2014-03-01",193.86,182.62,168.97,155.69,83.52,4.72,120.9,127.23
"2014-04-01",61.99,53.78,39,22.68,53.5,0.14,12.34,29.89
"2014-05-01",13.29,1.06,2.68,0.21,23.86,0.01,0,0.6
"2014-06-01",1.39,0.77,0.74,0.11,2.64,0.02,0,0
"2014-07-01",1.67,6.77,2.35,0.7,17.11,0,0,0.18
"2014-08-01",5.55,4.63,1.42,0.76,10.55,0,0,0
"2014-09-01",44.8,32.32,10.29,3.45,58.42,0.04,0,1.44
"2014-10-01",54.16,48.33,26.03,16.12,25.61,0.55,0.96,10.52
"2014-11-01",52.22,53.57,26.09,16.26,48.7,0.24,0.4,8.33
"2014-12-01",183.77,152.43,116.41,71.62,116.7,1.35,16.88,61.59
"2015-01-01",208.92,334.65,186.96,119.94,97.99,1.25,26.61,98.88
"2015-02-01",109.32,190.38,100.32,64.95,74.13,4.17,70.82,50.25
"2015-03-01",153.31,274.17,178.22,121.49,55.34,24.98,141.33,95.78
"2015-04-01",92,113.47,44.91,13.11,43.6,0.17,11.3,11.44
"2015-05-01",20.25,29.14,9.31,0.89,24.95,0,0,0.18
"2015-06-01",5.98,4.22,2.56,0.68,8.9,0.03,0,0.1
"2015-07-01",0.27,0.22,0.14,0,13.01,0,0,0
"2015-08-01",27.41,22.63,6.14,2.3,15.27,0,0.01,0.39
"2015-09-01",25.05,23.75,7.1,2.46,27.42,0,0,0.77
"2015-10-01",27.49,64.08,25.97,15.78,22.23,0.09,0.1,8.98
"2015-11-01",65.01,115.29,45.18,29.97,44.26,0.06,0.71,14.12
"2015-12-01",135.07,124.95,87.24,56.45,92.45,0.7,7.64,48.66
"2016-01-01",35.5,81.3,27.74,15.53,81.36,0,2.96,8.35
"2016-02-01",160.92,262.06,139.22,69.76,59.85,4.49,54.68,64.12
"2016-03-01",110.36,155.64,113.7,83.72,48.46,1.38,56.59,64.69
"2016-04-01",88.99,82.84,48.78,23.51,46.93,0.3,16.33,25.97
"2016-05-01",11.54,9.05,4.73,0.57,18.01,0,0,0.29
"2016-06-01",1.05,3.28,1.69,0.51,0.44,0.04,0,0.09
"2016-07-01",1.59,6.89,2.36,0.67,5.91,0,0,0.17
"2016-08-01",1.53,4.11,1.1,0.63,4.31,0,0,0
"2016-09-01",17.46,6.2,3.73,1.69,23.35,0,0,0.76
"2016-10-01",46.08,57.52,12.31,2.08,29.69,0,0,0.61
"2016-11-01",0.45,30.57,4.35,2.7,31.86,0,0,0.23
"2016-12-01",136.24,116.26,75.84,44.36,99.02,0.13,13.62,37.31
"2017-01-01",239.75,344.23,239.76,200.08,152.75,51.32,198.85,202.57
"2017-02-01",182.86,229.83,170.06,138.96,72.85,2.35,96.77,132.09
"2017-03-01",232.21,303.65,250.6,193.7,62.08,23.46,318.78,164.27
"2017-04-01",89.32,80.72,42.23,25.78,38.21,0,0.52,32.93
"2017-05-01",31.26,20.45,14.75,4.24,25.54,0.04,0,4.2
"2017-06-01",7.22,5.18,3.07,0.94,0.93,0.05,0,0.26
"2017-07-01",0.45,1.49,0.67,0.01,4.06,0,0,0
"2017-08-01",7.51,5.28,1.71,0.78,7.17,0,0,0
"2017-09-01",42,20.88,9.27,4.19,36.96,0.04,0,2.36
"2017-10-01",87.25,76.64,41.52,22.35,30.34,0.67,0.89,12.92
"2017-11-01",45.8,46.04,19.19,11.39,41.5,0,0,4.76
"2017-12-01",73.33,69.92,36.73,22.74,90.53,0,5.02,16.09
"2018-01-01",196.57,194.19,122.46,70.54,85.7,1.98,48.68,85.5
"2018-02-01",125.64,145.52,87.11,56.21,66.66,3.19,64.96,48.16
"2018-03-01",184.5,235.59,164.47,122.62,89.66,0.28,68.75,89.23
"2018-04-01",86.47,92.89,54.17,29.5,44.23,0.17,12.46,35.66
"2018-05-01",4.75,13.29,7.71,1.89,15.42,0.04,0.05,1.99
"2018-06-01",2.86,14.27,6.14,2.69,6.49,0.25,0.83,1.52
"2018-07-01",16.06,9.87,4.3,1.07,22.63,0,0,0.36
"2018-08-01",24.66,19.94,4.96,1.94,24.98,0,0,0.18
"2018-09-01",3.12,5.72,1.79,0.75,22.78,0,0,0.1
"2018-10-01",108.75,101.22,42.99,23.58,56.13,0.19,1.1,11.94
"2018-11-01",55.05,53.13,18.62,9.81,39.12,0,0.24,3.79
"2018-12-01",49.05,43.76,24.71,13.9,76.07,0,3.55,11.55
"2019-01-01",202.19,230.45,164.38,120.64,112.8,4.06,50.44,116.8
"2019-02-01",83.93,239.63,144.32,106.24,75.56,2.75,122.75,88.52
"2019-03-01",217.12,206.24,146.36,87.43,43.42,4.62,63.57,62.46
"2019-04-01",59.36,60.13,29,14.39,29.96,0,4.95,12.74
"2019-05-01",23.24,23.29,11.3,2.13,21.21,0.09,0.09,1.82
"2019-06-01",4.27,5.12,3.24,1.47,0.36,0.07,0.02,0.7
"2019-07-01",7,6.45,2.81,0.62,7.58,0,0,0.14
"2019-08-01",0.34,0.41,0,0,0.57,0,0,0
"2019-09-01",29.3,20.1,7.85,3.4,13.09,0.04,0,1.77
"2019-10-01",42.75,44.41,21.57,12.51,26.1,0.27,0.29,7.45
"2019-11-01",75.22,75.63,30.41,17.15,60.43,0,0,7.14
"2019-12-01",196.8,175.66,101.25,51.85,171.52,0.15,17.09,40.05
